obsHistID,expMJD,filter,bandmag
165827,49561.251252,r,nan
165828,49561.251681,r,nan
165829,49561.252109,r,nan
165830,49561.252526,r,nan
165831,49561.252942,r,nan
165832,49561.253371,r,nan
165833,49561.253787,r,nan
165834,49561.254204,r,nan
165835,49561.254621,r,nan
165836,49561.255049,r,nan
165837,49561.255477,r,nan
165838,49561.255905,r,nan
165839,49561.256322,r,nan
165840,49561.25675,r,nan
165841,49561.257178,r,nan
165842,49561.257595,r,nan
165843,49561.258023,r,nan
165844,49561.258452,r,nan
165845,49561.258868,r,nan
165846,49561.259296,r,nan
165847,49561.261079,g,nan
165848,49561.261507,g,nan
165849,49561.261924,g,nan
165850,49561.262352,g,nan
165851,49561.262769,g,nan
165852,49561.263185,g,nan
165853,49561.263614,g,nan
165854,49561.264042,g,nan
165855,49561.26447,g,nan
165856,49561.264898,g,nan
165857,49561.266681,i,nan
165858,49561.267097,i,nan
165859,49561.267526,i,nan
165860,49561.267954,i,nan
165861,49561.268382,i,nan
165862,49561.26881,i,nan
165863,49561.269239,i,nan
165864,49561.269655,i,nan
165865,49561.270084,i,nan
165866,49561.2705,i,nan
165867,49561.270917,i,nan
165868,49561.271334,i,nan
165869,49561.27175,i,nan
165870,49561.272167,i,nan
165871,49561.272584,i,nan
165872,49561.273012,i,nan
165873,49561.27344,i,nan
165874,49561.273868,i,nan
165875,49561.274296,i,nan
165876,49561.274725,i,nan
165877,49561.276507,z,nan
165878,49561.276924,z,nan
165879,49561.27734,z,nan
165880,49561.277769,z,nan
165881,49561.278197,z,nan
165882,49561.278614,z,nan
165883,49561.27903,z,nan
165884,49561.279447,z,nan
165885,49561.279864,z,nan
165886,49561.28028,z,nan
165887,49561.280697,z,nan
165888,49561.281114,z,nan
165889,49561.28153,z,nan
165890,49561.281947,z,nan
165891,49561.282375,z,nan
165892,49561.282803,z,nan
165893,49561.28322,z,nan
165894,49561.283637,z,nan
165895,49561.284053,z,nan
165896,49561.284482,z,nan
165897,49561.28491,z,nan
165898,49561.285338,z,nan
165899,49561.285755,z,nan
165900,49561.286183,z,nan
165901,49561.2866,z,nan
165902,49561.287028,z,nan
165903,49561.28881,y,nan
165904,49561.289239,y,nan
165905,49561.289667,y,nan
165906,49561.290095,y,nan
165907,49561.290523,y,nan
165908,49561.29094,y,nan
165909,49561.291357,y,nan
165910,49561.291785,y,nan
165911,49561.292202,y,nan
165912,49561.292618,y,nan
165913,49561.293035,y,nan
165914,49561.293463,y,nan
165915,49561.293891,y,nan
165916,49561.294308,y,nan
165917,49561.294736,y,nan
165918,49561.295153,y,nan
165919,49561.295581,y,nan
165920,49561.295998,y,nan
165921,49561.296415,y,nan
165922,49561.296843,y,nan
168684,49564.160876,r,nan
168685,49564.161305,r,nan
168686,49564.161733,r,nan
168687,49564.162161,r,nan
168688,49564.162589,r,nan
168689,49564.163018,r,nan
168690,49564.163434,r,nan
168691,49564.163851,r,nan
168692,49564.164279,r,nan
168693,49564.164696,r,nan
168694,49564.165124,r,nan
168695,49564.165552,r,nan
168696,49564.165981,r,nan
168697,49564.166409,r,nan
168698,49564.166837,r,nan
168699,49564.167254,r,nan
168700,49564.167682,r,nan
168701,49564.16811,r,nan
168702,49564.168539,r,nan
168703,49564.168955,r,nan
168704,49564.170738,g,nan
168705,49564.171154,g,nan
168706,49564.171583,g,nan
168707,49564.171999,g,nan
168708,49564.172427,g,nan
168709,49564.172856,g,nan
168710,49564.173284,g,nan
168711,49564.173701,g,nan
168712,49564.174117,g,nan
168713,49564.174545,g,nan
168714,49564.176328,i,nan
168715,49564.176745,i,nan
168716,49564.177161,i,nan
168717,49564.177589,i,nan
168718,49564.178006,i,nan
168719,49564.178434,i,nan
168720,49564.178863,i,nan
168721,49564.179291,i,nan
168722,49564.179708,i,nan
168723,49564.180136,i,nan
168724,49564.180552,i,nan
168725,49564.180969,i,nan
168726,49564.181386,i,nan
168727,49564.181814,i,nan
168728,49564.182231,i,nan
168729,49564.182647,i,nan
168730,49564.183076,i,nan
168731,49564.183504,i,nan
168732,49564.183932,i,nan
168733,49564.18436,i,nan
168734,49564.186143,z,nan
168735,49564.186571,z,nan
168736,49564.186999,z,nan
168737,49564.187427,z,nan
168738,49564.187844,z,nan
168739,49564.188272,z,nan
168740,49564.188701,z,nan
168741,49564.189129,z,nan
168742,49564.189557,z,nan
168743,49564.189974,z,nan
168744,49564.190402,z,nan
168745,49564.19083,z,nan
168746,49564.191258,z,nan
168747,49564.191675,z,nan
168748,49564.192103,z,nan
168749,49564.192532,z,nan
168750,49564.19296,z,nan
168751,49564.193388,z,nan
168752,49564.193816,z,nan
168753,49564.194245,z,nan
168754,49564.194661,z,nan
168755,49564.195089,z,nan
168756,49564.195518,z,nan
168757,49564.195946,z,nan
168758,49564.196374,z,nan
168759,49564.196802,z,nan
168760,49564.198585,y,nan
168761,49564.199013,y,nan
168762,49564.199441,y,nan
168763,49564.19987,y,nan
168764,49564.200298,y,nan
168765,49564.200714,y,nan
168766,49564.201143,y,nan
168767,49564.201571,y,nan
168768,49564.201988,y,nan
168769,49564.202404,y,nan
168770,49564.202821,y,nan
168771,49564.203249,y,nan
168772,49564.203677,y,nan
168773,49564.204094,y,nan
168774,49564.204511,y,nan
168775,49564.204927,y,nan
168776,49564.205356,y,nan
168777,49564.205772,y,nan
168778,49564.206201,y,nan
168779,49564.206629,y,nan
171964,49570.360355,u,nan
171965,49570.360772,u,nan
171966,49570.361189,u,nan
171967,49570.361605,u,nan
171968,49570.362022,u,nan
171969,49570.362439,u,nan
171970,49570.362855,u,nan
171971,49570.363272,u,nan
171972,49570.363689,u,nan
171973,49570.364105,u,nan
171974,49570.364522,u,nan
171975,49570.364939,u,nan
171976,49570.365355,u,nan
171977,49570.365772,u,nan
171978,49570.366189,u,nan
171979,49570.366605,u,nan
171980,49570.367022,u,nan
171981,49570.367439,u,nan
171982,49570.367855,u,nan
171983,49570.368272,u,nan
172576,49571.175913,u,nan
172577,49571.17633,u,nan
172578,49571.176758,u,nan
172579,49571.177186,u,nan
172580,49571.177615,u,nan
172581,49571.178043,u,nan
172582,49571.178471,u,nan
172583,49571.178899,u,nan
172584,49571.179328,u,nan
172585,49571.179756,u,nan
172586,49571.180184,u,nan
172587,49571.180601,u,nan
172588,49571.181017,u,nan
172589,49571.181446,u,nan
172590,49571.181874,u,nan
172591,49571.182302,u,nan
172592,49571.182719,u,nan
172593,49571.183136,u,nan
172594,49571.183564,u,nan
172595,49571.183992,u,nan
173572,49572.157794,u,33.427191319337254
173573,49572.158222,u,33.42651049263874
173574,49572.158651,u,33.425828258546204
173575,49572.159079,u,33.425147797563085
173576,49572.159496,u,33.42448500061191
173577,49572.159924,u,33.423804899925024
173578,49572.16034,u,33.423144042259075
173579,49572.160757,u,33.42248176885246
173580,49572.161174,u,33.4218196684201
173581,49572.161602,u,33.4211402823316
173582,49572.16203,u,33.420461078325836
173583,49572.162447,u,33.41979950554318
173584,49572.162864,u,33.41913810547355
173585,49572.163292,u,33.41845943791513
173586,49572.163709,u,33.41779838757765
173587,49572.164125,u,33.41713909436273
173588,49572.164553,u,33.41646096216844
173589,49572.164982,u,33.41578142774954
173590,49572.16541,u,33.41510365902387
173591,49572.165838,u,33.414426071706814
174588,49573.161246,u,32.20274777720279
174589,49573.161675,u,32.20234098994942
174590,49573.162103,u,32.20193522361739
174591,49573.162531,u,32.20152952987478
174592,49573.162959,u,32.20112390869688
174593,49573.163388,u,32.20071741260003
174594,49573.163804,u,32.20032330414063
174595,49573.164232,u,32.19991789864591
174596,49573.164661,u,32.199511618662505
174597,49573.165089,u,32.19910635824555
174598,49573.165506,u,32.19871158305318
174599,49573.165922,u,32.198317823030294
174600,49573.166351,u,32.19791182961549
174601,49573.166779,u,32.19750685500179
174602,49573.167207,u,32.19710195270814
174603,49573.167635,u,32.196697122709956
174604,49573.168064,u,32.196291419371335
174605,49573.168492,u,32.19588673405915
174606,49573.16892,u,32.195482120968705
174607,49573.169348,u,32.19507758006856
175594,49574.158565,u,31.41441075847598
175595,49574.158993,u,31.41413055443134
175596,49574.159421,u,31.413850398718168
175597,49574.15985,u,31.413569636917515
175598,49574.160278,u,31.413289577919098
175599,49574.160706,u,31.413009567200657
175600,49574.161134,u,31.412729604738697
175601,49574.161563,u,31.41244903656557
175602,49574.161991,u,31.412169170673113
175603,49574.162407,u,31.411897197678186
175604,49574.162836,u,31.41161677320307
175605,49574.163252,u,31.411344892653943
175606,49574.163681,u,31.411064563472216
175607,49574.164109,u,31.410784935921605
175608,49574.164537,u,31.410505356479046
175609,49574.164965,u,31.410225825121174
175610,49574.165394,u,31.409945688896606
175611,49574.16581,u,31.409674087756354
175612,49574.166238,u,31.409394699325667
175613,49574.166655,u,31.40912253761694
176597,49575.153284,u,30.86447199905904
176598,49575.153701,u,30.864274770302803
176599,49575.154129,u,30.86407236186472
176600,49575.154557,u,30.863869976713477
176601,49575.154986,u,30.863667142062084
176602,49575.155414,u,30.863464803520944
176603,49575.155831,u,30.86326768765074
176604,49575.156259,u,30.863065395040117
176605,49575.156687,u,30.862863125690005
176606,49575.157115,u,30.862660879590976
176607,49575.157544,u,30.86245818428081
176608,49575.15796,u,30.862261653552224
176609,49575.158389,u,30.86205900422451
176610,49575.158817,u,30.861856850524063
176611,49575.159245,u,30.861654720048435
176612,49575.159662,u,30.861457806844857
176613,49575.16009,u,30.861255722197676
176614,49575.160507,u,30.861058853629967
176615,49575.160935,u,30.860856814788015
176616,49575.161363,u,30.860654799137972
177613,49576.163184,u,30.44134488276874
177614,49576.163612,u,30.441186415195713
177615,49576.16404,u,30.441027965463967
177616,49576.164469,u,30.44086916342723
177617,49576.164897,u,30.44071074941447
177618,49576.165325,u,30.440552353232363
177619,49576.165753,u,30.440393974876475
177620,49576.166182,u,30.440235244361865
177621,49576.16661,u,30.44007690168676
177622,49576.167038,u,30.43991857682457
177623,49576.167466,u,30.439760269770886
177624,49576.167883,u,30.43960604847875
177625,49576.168311,u,30.439447776571388
177626,49576.16874,u,30.439289152727483
177627,49576.169168,u,30.439130916447965
177628,49576.169596,u,30.438972697954952
177629,49576.170013,u,30.438818562926244
177630,49576.170441,u,30.438660379536145
177631,49576.170869,u,30.438502213919424
177632,49576.171286,u,30.43834813039811
182592,49581.185047,r,29.28938027686099
182593,49581.185475,r,29.289321509263964
182594,49581.185903,r,29.289262745933865
182595,49581.186332,r,29.289203849587583
182596,49581.186748,r,29.28914674207168
182597,49581.187177,r,29.28908785416671
182598,49581.187605,r,29.289029107799465
182599,49581.188021,r,29.288972012612863
182600,49581.188438,r,29.2889147842218
182601,49581.188855,r,29.288857559876725
182602,49581.189271,r,29.28880047679232
182603,49581.1897,r,29.288741614079292
182604,49581.190128,r,29.288682892842203
182605,49581.190545,r,29.288625684894704
182606,49581.190973,r,29.288566972070132
182607,49581.19139,r,29.288509772316964
182608,49581.191806,r,29.288452713762567
182609,49581.192234,r,29.2883940134883
182610,49581.192663,r,29.28833518033747
182611,49581.193091,r,29.288276488590064
182612,49581.194873,g,29.288032168243994
182613,49581.195302,g,29.28797336140178
182614,49581.195718,g,29.287916340667245
182615,49581.196135,g,29.28785918689836
182616,49581.196563,g,29.28780052967489
182617,49581.196991,g,29.28774187670488
182618,49581.19742,g,29.287683090963053
182619,49581.197848,g,29.28762444650737
182620,49581.198265,g,29.287567313359894
182621,49581.198693,g,29.28750867729926
182622,49581.200475,i,29.287264588735002
182623,49581.200903,i,29.2872059746185
182624,49581.201332,i,29.2871472278162
182625,49581.20176,i,29.28708862220454
182626,49581.202188,i,29.287030020841062
182627,49581.202616,i,29.28697142372425
182628,49581.203033,i,29.286914336692483
182629,49581.20345,i,29.28685725368993
182630,49581.203866,i,29.28680031159238
182631,49581.204295,i,29.286741594254554
182632,49581.204723,i,29.286683018036115
182633,49581.205151,i,29.286624446061285
182634,49581.205568,i,29.286567383522375
182635,49581.205984,i,29.286510461835977
182636,49581.206401,i,29.286453407340566
182637,49581.206829,i,29.286394851998068
182638,49581.207246,i,29.286337805662086
182639,49581.207674,i,29.286279258692232
182640,49581.208102,i,29.286220715962425
182641,49581.208519,i,29.2861636819125
182642,49581.210302,z,29.285919862280085
182643,49581.210718,z,29.285862986170834
182644,49581.211146,z,29.285804473582022
182645,49581.211575,z,29.28574582853223
182646,49581.212003,z,29.285687324424536
182647,49581.21242,z,29.285630327999584
182648,49581.212848,z,29.285571832252234
182649,49581.213265,z,29.28551484397277
182650,49581.213693,z,29.285456356583754
182651,49581.214109,z,29.2853995130841
182652,49581.214526,z,29.285342536954108
182653,49581.214943,z,29.285285564842187
182654,49581.215359,z,29.285228733355257
182655,49581.215788,z,29.285170130070952
182656,49581.216204,z,29.285113306703202
182657,49581.216621,z,29.28505635075013
182658,49581.217049,z,29.284997896537277
182659,49581.217477,z,29.284939446553196
182660,49581.217906,z,29.284880864246784
182661,49581.218322,z,29.2848240612178
182662,49581.218751,z,29.28476548727723
182663,49581.219167,z,29.284708692359615
182664,49581.219584,z,29.284651764923673
182665,49581.220012,z,29.284593339975686
182666,49581.22044,z,29.284534919252913
182667,49581.220857,z,29.28447800406008
182668,49581.22264,y,29.2842346924757
182669,49581.223056,y,29.28417793486451
182670,49581.223484,y,29.28411954417737
182671,49581.223901,y,29.28406265824571
182672,49581.224318,y,29.284005776319468
182673,49581.224746,y,29.28394739807709
182674,49581.225163,y,29.283890524267896
182675,49581.225591,y,29.283832154355693
182676,49581.226019,y,29.283773788662025
182677,49581.226447,y,29.2837154271864
182678,49581.226864,y,29.28365856971208
182679,49581.227292,y,29.283600216561616
182680,49581.227709,y,29.283543367198494
182681,49581.228126,y,29.28348652183647
182682,49581.228542,y,29.283429816782526
182683,49581.228959,y,29.283372979413667
182684,49581.229387,y,29.283314646898564
182685,49581.229804,y,29.28325781763609
182686,49581.230221,y,29.28320099237432
182687,49581.230649,y,29.28314267228318
189557,49591.243567,r,28.450818504002697
189558,49591.243984,r,28.45079037142979
189559,49591.244401,r,28.450762237984947
189560,49591.244829,r,28.45073336150447
189561,49591.245246,r,28.450705226293522
189562,49591.245662,r,28.450677157684098
189563,49591.246079,r,28.450649020731987
189564,49591.246507,r,28.450620140651083
189565,49591.246935,r,28.450591259652683
189566,49591.247364,r,28.450562310254185
189567,49591.24778,r,28.450534237229874
189568,49591.248197,r,28.45050609585172
189569,49591.248614,r,28.450477953603
189570,49591.24903,r,28.450449877973377
189571,49591.249447,r,28.450421733984403
189572,49591.249875,r,28.45039284668274
189573,49591.250292,r,28.45036470092978
189574,49591.250708,r,28.450336621804674
189575,49591.251137,r,28.45030766429971
189576,49591.251565,r,28.45027877337673
189577,49591.253347,g,28.450158474678933
189578,49591.253776,g,28.450129511508294
189579,49591.254204,g,28.450100614933426
189580,49591.254621,g,28.450072460146018
189581,49591.255037,g,28.45004437200952
189582,49591.255454,g,28.45001621548533
189583,49591.255871,g,28.4499880580911
189584,49591.256287,g,28.449959967354776
189585,49591.256704,g,28.449931808223795
189586,49591.257132,g,28.44990290538226
189587,49591.258915,i,28.449782489534
189588,49591.259331,i,28.449754392468158
189589,49591.259748,i,28.449726226994052
189590,49591.260165,i,28.4496980606508
189591,49591.260581,i,28.449669960987308
189592,49591.261009,i,28.44964104985474
189593,49591.261438,i,28.44961207025475
189594,49591.261866,i,28.449583157290512
189595,49591.262283,i,28.449554986537056
189596,49591.262699,i,28.449526882473883
189597,49591.263116,i,28.44949870998584
189598,49591.263544,i,28.449469793436283
189599,49591.263972,i,28.449440875972464
189600,49591.264401,i,28.44941189002708
189601,49591.264829,i,28.449382970732884
189602,49591.265246,i,28.449354793812294
189603,49591.265662,i,28.449326683598372
189604,49591.266079,i,28.449298504944913
189605,49591.266496,i,28.449270325424607
189606,49591.266912,i,28.44924221261647
189607,49591.268695,z,28.449121709724356
189608,49591.269111,z,28.44909359235524
189609,49591.269528,z,28.44906540653109
189610,49591.269945,z,28.44903721983982
189611,49591.270361,z,28.449009099879127
189612,49591.270778,z,28.448980911457426
189613,49591.271195,z,28.448952722168865
189614,49591.271611,z,28.44892459961786
189615,49591.272028,z,28.448896408598902
189616,49591.272445,z,28.448868216713834
189617,49591.272861,z,28.4488400915728
189618,49591.273278,z,28.448811897957846
189619,49591.273695,z,28.44878370347704
189620,49591.274111,z,28.44875557574676
189621,49591.274528,z,28.448727379536585
189622,49591.274945,z,28.44869918246132
189623,49591.275361,z,28.448671052142068
189624,49591.275778,z,28.448642853337457
189625,49591.276195,z,28.448614653668006
189626,49591.276611,z,28.448586520761054
189627,49591.277028,z,28.448558319363272
189628,49591.277445,z,28.448530117099928
189629,49591.277861,z,28.44850198160605
189630,49591.278278,z,28.448473777615376
189631,49591.278695,z,28.448445572759404
189632,49591.279111,z,28.448417434679378
189633,49591.280894,y,28.44829682349897
189634,49591.28131,y,28.448268680871756
189635,49591.281727,y,28.44824046973033
189636,49591.282144,y,28.448212257725302
189637,49591.28256,y,28.44818411251358
189638,49591.282977,y,28.44815589878219
189639,49591.283394,y,28.448127684187448
189640,49591.28381,y,28.448099536392487
189641,49591.284227,y,28.448071320072398
189642,49591.284644,y,28.448043102888228
189643,49591.28506,y,28.448014952510803
189644,49591.285477,y,28.4479867336023
189645,49591.285894,y,28.447958513829978
189646,49591.28631,y,28.447930360870863
189647,49591.286727,y,28.44790213937472
189648,49591.287144,y,28.447873917015016
189649,49591.28756,y,28.447845761475477
189650,49591.287977,y,28.44781753739198
189651,49591.288394,y,28.447789312445675
189652,49591.28881,y,28.44776115432599
192045,49594.082426,r,28.320240062349225
192046,49594.082854,r,28.320237402139995
192047,49594.083283,r,28.32023474154575
192048,49594.083711,r,28.32023209297015
192049,49594.084139,r,28.320229450204522
192050,49594.084567,r,28.320226813248812
192051,49594.084996,r,28.32022417596225
192052,49594.085424,r,28.320221550639836
192053,49594.085852,r,28.320218931127215
192054,49594.08628,r,28.32021631742431
192055,49594.086709,r,28.32021370344475
192056,49594.087137,r,28.32021110137484
192057,49594.087565,r,28.320208505114564
192058,49594.087993,r,28.320205914663873
192059,49594.088422,r,28.320203323990647
192060,49594.088838,r,28.32020081739671
192061,49594.089255,r,28.320198310285424
192062,49594.089683,r,28.32019574277405
192063,49594.090111,r,28.320193181072057
192064,49594.09054,r,28.3201906192145
192065,49594.092322,g,28.320180040126345
192066,49594.09275,g,28.320177514243404
192067,49594.093179,g,28.32017498828838
192068,49594.093595,g,28.32017254445109
192069,49594.094023,g,28.320170035846047
192070,49594.09444,g,28.320167597301417
192071,49594.094868,g,28.320165100164978
192072,49594.095297,g,28.32016260302337
192073,49594.095725,g,28.320160117518242
192074,49594.096153,g,28.32015763782193
192075,49594.097935,i,28.32014737591894
192076,49594.098352,i,28.32014498910299
192077,49594.09878,i,28.32014254505942
192078,49594.099209,i,28.32014010113436
192079,49594.099637,i,28.320137668721376
192080,49594.100054,i,28.3201353044101
192081,49594.10047,i,28.320132951262554
192082,49594.100887,i,28.32013059796539
192083,49594.101304,i,28.320128250181853
192084,49594.101732,i,28.320125846200046
192085,49594.102148,i,28.320123515185895
192086,49594.102565,i,28.320121184075195
192087,49594.102993,i,28.320118797205936
192088,49594.103422,i,28.320116410588398
192089,49594.10385,i,28.320114035348965
192090,49594.104278,i,28.320111665917604
192091,49594.104695,i,28.32010936296887
192092,49594.105123,i,28.320107005004267
192093,49594.105551,i,28.320104652847622
192094,49594.105979,i,28.320102306498903
192095,49594.107762,z,28.320092594367125
192096,49594.10819,z,28.32009027802087
192097,49594.108618,z,28.320087967482305
192098,49594.109035,z,28.320085721912402
192099,49594.109463,z,28.320083422839843
192100,49594.109892,z,28.320081124223574
192101,49594.11032,z,28.320078836779707
192102,49594.110748,z,28.320076555143352
192103,49594.111165,z,28.320074337732667
192104,49594.111593,z,28.320072067561956
192105,49594.112021,z,28.320069803198646
192106,49594.112449,z,28.320067544642697
192107,49594.112878,z,28.320065286637437
192108,49594.113306,z,28.32006303970967
192109,49594.113723,z,28.32006085611532
192110,49594.114151,z,28.320058620652773
192111,49594.114579,z,28.320056390997408
192112,49594.115007,z,28.32005416714919
192113,49594.115435,z,28.32005194910808
192114,49594.115864,z,28.320049731712075
192115,49594.11628,z,28.320047587081568
192116,49594.116697,z,28.320045442801476
192117,49594.117114,z,28.320043304033664
192118,49594.117542,z,28.320041114579844
192119,49594.11797,z,28.320038930932935
192120,49594.118398,z,28.320036753092882
192121,49594.120181,y,28.320027742938066
192122,49594.120609,y,28.320025595095085
192123,49594.121037,y,28.320023453058756
192124,49594.121454,y,28.32002137165943
192125,49594.121871,y,28.32001929577205
192126,49594.122287,y,28.320017230354964
192127,49594.122716,y,28.320015106138868
192128,49594.123144,y,28.32001299268759
192129,49594.123572,y,28.320010885042763
192130,49594.124,y,28.320008783204322
192131,49594.124429,y,28.32000668228182
192132,49594.124845,y,28.320004650594694
192133,49594.125273,y,28.320002566026105
192134,49594.12569,y,28.320000540617222
192135,49594.126107,y,28.319998520720002
192136,49594.126535,y,28.319996453271678
192137,49594.126952,y,28.319994444543028
192138,49594.12738,y,28.31999238855785
192139,49594.127797,y,28.319990390997603
192140,49594.128213,y,28.31998840371934
194802,49597.068236,r,28.41862323020791
194803,49597.068653,r,28.418639140792802
194804,49597.069081,r,28.41865546767686
194805,49597.069509,r,28.41867179111208
194806,49597.069937,r,28.418688111098284
194807,49597.070366,r,28.418704465754054
194808,49597.070794,r,28.418720778833713
194809,49597.071222,r,28.41873708846389
194810,49597.071639,r,28.418752975603667
194811,49597.072067,r,28.418769278423063
194812,49597.072495,r,28.418785577792498
194813,49597.072923,r,28.41880187371182
194814,49597.073352,r,28.418818204243358
194815,49597.07378,r,28.418834493253907
194816,49597.074208,r,28.418850778813866
194817,49597.074636,r,28.418867060923073
194818,49597.075065,r,28.418883377611586
194819,49597.075493,r,28.418899652810747
194820,49597.075921,r,28.41891592455896
194821,49597.076338,r,28.418931774788145
194822,49597.07812,g,28.418999471942765
194823,49597.078537,g,28.419015304892838
194824,49597.078965,g,28.419031552090527
194825,49597.079393,g,28.419047795835702
194826,49597.079822,g,28.41906407406878
194827,49597.08025,g,28.419080310900373
194828,49597.080678,g,28.41909654427898
194829,49597.081095,g,28.419112357123552
194830,49597.081523,g,28.419128583684447
194831,49597.08194,g,28.419144389885954
194832,49597.083722,i,28.41921189887158
194833,49597.084139,i,28.4192276877833
194834,49597.084567,i,28.419243889779203
194835,49597.084995,i,28.41926008832051
194836,49597.085423,i,28.419276283407072
194837,49597.085852,i,28.41929251286561
194838,49597.08628,i,28.419308701034396
194839,49597.086697,i,28.419324469828553
194840,49597.087113,i,28.419340197539853
194841,49597.087541,i,28.419356375527922
194842,49597.087958,i,28.419372134402824
194843,49597.088375,i,28.419387889997516
194844,49597.088803,i,28.419404057795692
194845,49597.089231,i,28.419420222137713
194846,49597.089648,i,28.419435967716957
194847,49597.090065,i,28.419451710014847
194848,49597.090481,i,28.419467411292256
194849,49597.090898,i,28.419483147035688
194850,49597.091326,i,28.41949929445803
194851,49597.091743,i,28.41951502355144
194852,49597.093525,z,28.419582202985744
194853,49597.093954,z,28.4195983668608
194854,49597.094382,z,28.419614489595446
194855,49597.09481,z,28.41963060887188
194856,49597.095238,z,28.41964672468994
194857,49597.095666,z,28.41966283704948
194858,49597.096083,z,28.419678531979685
194859,49597.096511,z,28.419694637510865
194860,49597.09694,z,28.4197107772004
194861,49597.097368,z,28.41972687580508
194862,49597.097785,z,28.419742557333336
194863,49597.098201,z,28.419758197984144
194864,49597.098629,z,28.419774286396336
194865,49597.099058,z,28.419790408926374
194866,49597.099486,z,28.41980649041077
194867,49597.099914,z,28.419822568435084
194868,49597.100342,z,28.419838642999142
194869,49597.100771,z,28.419854751648067
194870,49597.101199,z,28.419870819283084
194871,49597.101627,z,28.419886883457373
194872,49597.102055,z,28.419902944171064
194873,49597.102484,z,28.419919038936353
194874,49597.102912,z,28.41993509271946
194875,49597.10334,z,28.419951143041217
194876,49597.103768,z,28.419967189901474
194877,49597.104197,z,28.419983270780598
194878,49597.105979,y,28.4200500310476
194879,49597.106407,y,28.42006605656114
194880,49597.106824,y,28.42008166687386
194881,49597.107252,y,28.42009768555098
194882,49597.107669,y,28.420113289202416
194883,49597.108097,y,28.420129301042508
194884,49597.108525,y,28.420145309419635
194885,49597.108942,y,28.420160903035068
194886,49597.10937,y,28.42017690457397
194887,49597.109787,y,28.42019249152718
194888,49597.110204,y,28.420208075192008
194889,49597.110632,y,28.420224066517633
194890,49597.11106,y,28.420240054378812
194891,49597.111477,y,28.420255628004956
194892,49597.111905,y,28.420271609026358
194893,49597.112322,y,28.42028717598849
194894,49597.11275,y,28.420303150169506
194895,49597.113166,y,28.420318673155816
194896,49597.113595,y,28.420334677806775
194897,49597.114023,y,28.420350641681537
196741,49599.126126,u,28.451406642298732
196742,49599.126543,u,28.4514025083053
196743,49599.126971,u,28.45139826048159
196744,49599.127399,u,28.451394007815654
196745,49599.127828,u,28.45138974035443
196746,49599.128244,u,28.45138559756431
196747,49599.128661,u,28.451381440224704
196748,49599.129089,u,28.45137716843933
196749,49599.129518,u,28.451372881814216
196750,49599.129946,u,28.4513686003337
196751,49599.130374,u,28.451364314011357
196752,49599.130791,u,28.451360133194754
196753,49599.131207,u,28.451355957824653
196754,49599.131624,u,28.451351767827045
196755,49599.132052,u,28.45134746252258
196756,49599.13248,u,28.451343152376566
196757,49599.132909,u,28.45133882730165
196758,49599.133337,u,28.451334507461414
196759,49599.133765,u,28.451330182779806
196760,49599.134193,u,28.45132585325689
199611,49608.230246,r,28.731914294600642
199612,49608.230663,r,28.731962241936397
199613,49608.23108,r,28.732010190206797
199614,49608.231496,r,28.732058024426273
199615,49608.231913,r,28.73210597456632
199616,49608.23233,r,28.732153925641096
199617,49608.232746,r,28.732201762658324
199618,49608.233163,r,28.732249715602094
199619,49608.23358,r,28.732297669482367
199620,49608.233996,r,28.732345509297616
199621,49608.234413,r,28.732393465046222
199622,49608.23483,r,28.73244142173142
199623,49608.235246,r,28.732489264344125
199624,49608.235663,r,28.732537222898678
199625,49608.23608,r,28.732585182389077
199626,49608.236496,r,28.73263302780035
199627,49608.236913,r,28.732680989160286
199628,49608.23733,r,28.732728951456163
199629,49608.237746,r,28.73277679966627
199630,49608.238163,r,28.732824763831864
199631,49608.239945,g,28.73302974354559
199632,49608.240362,g,28.733077712646725
199633,49608.240779,g,28.73312568268489
199634,49608.241195,g,28.733173538619802
199635,49608.241612,g,28.73322151052735
199636,49608.242029,g,28.733269483372016
199637,49608.242445,g,28.733317342106798
199638,49608.242862,g,28.73336531682103
199639,49608.243279,g,28.73341329247247
199640,49608.243695,g,28.733461154006555
199641,49608.245478,i,28.733666301862762
199642,49608.245895,i,28.733714283389116
199643,49608.246311,i,28.733762150785044
199644,49608.246728,i,28.733810134181525
199645,49608.247145,i,28.733858118515503
199646,49608.247561,i,28.733905988711577
199647,49608.247978,i,28.7339539749167
199648,49608.248395,i,28.734001962058574
199649,49608.248811,i,28.734049835055906
199650,49608.249228,i,28.734097824069114
199651,49608.249645,i,28.734145814019154
199652,49608.250061,i,28.734193689818014
199653,49608.250478,i,28.734241681639574
199654,49608.250895,i,28.734289674397225
199655,49608.251311,i,28.734337552998717
199656,49608.251728,i,28.73438554762891
199657,49608.252145,i,28.73443354319528
199658,49608.252561,i,28.73448142459885
199659,49608.252978,i,28.7345294220371
199660,49608.253395,i,28.734577420413302
199661,49608.255177,z,28.73478254633453
199662,49608.255594,z,28.734830549652976
199663,49608.25601,z,28.734878438788606
199664,49608.256427,z,28.73492644397944
199665,49608.256844,z,28.734974450107632
199666,49608.25726,z,28.735022342046367
199667,49608.257677,z,28.73507035004713
199668,49608.258094,z,28.73511835898451
199669,49608.25851,z,28.735166253727456
199670,49608.258927,z,28.735214264538428
199671,49608.259344,z,28.7352622762861
199672,49608.25976,z,28.735310173832694
199673,49608.260177,z,28.735358187453308
199674,49608.260594,z,28.735406202012392
199675,49608.26101,z,28.7354541023629
199676,49608.261427,z,28.735502118794265
199677,49608.261844,z,28.735550136164196
199678,49608.26226,z,28.735598039318905
199679,49608.262677,z,28.735646058561297
199680,49608.263094,z,28.73569407874235
199681,49608.26351,z,28.735741984700685
199682,49608.263927,z,28.735790006755213
199683,49608.264344,z,28.735838029747654
199684,49608.26476,z,28.73588593851074
199685,49608.265177,z,28.73593396337684
199686,49608.265594,z,28.73598198918011
199687,49608.267376,y,28.736187232322123
199688,49608.267793,y,28.73623526307234
199689,49608.268209,y,28.736283179576525
199690,49608.268626,y,28.736331212200913
199691,49608.269043,y,28.73637924576439
199692,49608.269459,y,28.73642716507434
199693,49608.269876,y,28.736475200511332
199694,49608.270293,y,28.736523236887514
199695,49608.270709,y,28.73657115900267
199696,49608.271126,y,28.73661919725338
199697,49608.271543,y,28.73666723644253
199698,49608.271959,y,28.736715161364007
199699,49608.272376,y,28.73676320242787
199700,49608.272793,y,28.736811244429425
199701,49608.273209,y,28.736859172158333
199702,49608.273626,y,28.736907216035625
199703,49608.274043,y,28.736955260850703
199704,49608.274459,y,28.73700319138647
199705,49608.274876,y,28.737051238077463
199706,49608.275293,y,28.737099285706336
202445,49611.289284,r,29.113687593900615
202446,49611.289701,r,29.113745211198466
202447,49611.290118,r,29.113802830451817
202448,49611.290534,r,29.11386031348008
202449,49611.290951,r,29.113917936643197
202450,49611.291368,r,29.113975561762263
202451,49611.291784,r,29.11403305064262
202452,49611.292201,r,29.11409067967135
202453,49611.292618,r,29.11414831065848
202454,49611.293034,r,29.114205805392274
202455,49611.293451,r,29.11426344028895
202456,49611.293868,r,29.114321077144485
202457,49611.294284,r,29.11437857773305
202458,49611.294701,r,29.114436218499023
202459,49611.295118,r,29.114493861224297
202460,49611.295534,r,29.11455136766797
202461,49611.295951,r,29.114609014305586
202462,49611.296368,r,29.11466666290195
202463,49611.296784,r,29.114724175203076
202464,49611.297201,r,29.114781827712672
202465,49611.298983,g,29.11502822094417
202466,49611.2994,g,29.115085883787017
202467,49611.299817,g,29.11514354858884
202468,49611.300233,g,29.115201077059805
202469,49611.30065,g,29.115258745777336
202470,49611.301067,g,29.115316416456302
202471,49611.301483,g,29.115373950789763
202472,49611.3019,g,29.115431625384325
202473,49611.302317,g,29.115489301940777
202474,49611.302733,g,29.115546842137064
202475,49611.304516,i,29.115793484852702
202476,49611.304933,i,29.1158511737139
202477,49611.305349,i,29.115908726187378
202478,49611.305766,i,29.11596641896695
202479,49611.306183,i,29.11602411370979
202480,49611.306599,i,29.11608167205126
202481,49611.307016,i,29.116139370713373
202482,49611.307433,i,29.116197071339215
202483,49611.307849,i,29.116254635549005
202484,49611.308266,i,29.116312340096023
202485,49611.308683,i,29.1163700466062
202486,49611.309099,i,29.116427616686668
202487,49611.309516,i,29.116485327118923
202488,49611.309933,i,29.116543039513783
202489,49611.310349,i,29.116600615467284
202490,49611.310766,i,29.116658331786127
202491,49611.311183,i,29.11671605006802
202492,49611.311599,i,29.116773631894887
202493,49611.312016,i,29.116831354101667
202494,49611.312433,i,29.11688907827195
202495,49611.314215,z,29.117135777802883
202496,49611.314632,z,29.1171935123363
202497,49611.315048,z,29.117251110374937
202498,49611.315465,z,29.11730884883471
202499,49611.315882,z,29.117366589260236
202500,49611.316298,z,29.1174241931773
202501,49611.316715,z,29.117481937530087
202502,49611.317132,z,29.117539683848065
202503,49611.317548,z,29.117597293645918
202504,49611.317965,z,29.117655043893063
202505,49611.318382,z,29.117712796105856
202506,49611.318798,z,29.117770411784836
202507,49611.319215,z,29.117828167927694
202508,49611.319632,z,29.117885926036653
202509,49611.320048,z,29.11794354759811
202510,49611.320465,z,29.118001309637023
202511,49611.320882,z,29.11805907364451
202512,49611.321298,z,29.118116701089786
202513,49611.321715,z,29.118174469027124
202514,49611.322132,z,29.118232238933473
202515,49611.322548,z,29.11828987226292
202516,49611.322965,z,29.118347646101036
202517,49611.323382,z,29.118405421907614
202518,49611.323798,z,29.118463061123585
202519,49611.324215,z,29.11852084086282
202520,49611.324632,z,29.118578622570976
202521,49611.326414,y,29.118825568028463
202522,49611.326831,y,29.118883360120947
202523,49611.327247,y,29.11894101558703
202524,49611.327664,y,29.11899881161467
202525,49611.328081,y,29.11905660961348
202526,49611.328497,y,29.119114270971163
202527,49611.328914,y,29.11917207290502
202528,49611.329331,y,29.119229876810504
202529,49611.329747,y,29.11928754406114
202530,49611.330164,y,29.119345351902574
202531,49611.330581,y,29.11940316171608
202532,49611.330997,y,29.11946083486002
202533,49611.331414,y,29.119518648611393
202534,49611.331831,y,29.119576464334283
202535,49611.332247,y,29.119634143373887
202536,49611.332664,y,29.119691963035542
202537,49611.333081,y,29.119749784668162
202538,49611.333497,y,29.119807469605796
202539,49611.333914,y,29.119865295179096
202540,49611.334331,y,29.119923122723815
208344,49618.06278,r,30.553246243122913
208345,49618.063209,r,30.553399717116
208346,49618.063625,r,30.553548553440972
208347,49618.064054,r,30.5537020543687
208348,49618.064482,r,30.553855211116062
208349,49618.064898,r,30.55400408679776
208350,49618.065327,r,30.554157628322784
208351,49618.065755,r,30.554310825583496
208352,49618.066172,r,30.55446009863242
208353,49618.0666,r,30.554613322794278
208354,49618.067028,r,30.554766560587176
208355,49618.067456,r,30.55491981201383
208356,49618.067885,r,30.55507343518898
208357,49618.068313,r,30.555226713925776
208358,49618.068741,r,30.555380006301892
208359,49618.069169,r,30.55553331232265
208360,49618.069598,r,30.555686990230406
208361,49618.070014,r,30.555836024327157
208362,49618.070442,r,30.55598937094728
208363,49618.070871,r,30.556143089559995
208364,49618.072653,g,30.556781759931905
208365,49618.07307,g,30.556931247304572
208366,49618.073498,g,30.55708469148717
208367,49618.073915,g,30.557234205164406
208368,49618.074343,g,30.55738767634811
208369,49618.074771,g,30.557541161212182
208370,49618.075199,g,30.557694659759356
208371,49618.075616,g,30.557844226414407
208372,49618.076044,g,30.557997751984146
208373,49618.076461,g,30.558147344969846
208374,49618.078243,i,30.558786759345043
208375,49618.078672,i,30.55894072790999
208376,49618.0791,i,30.559094351297826
208377,49618.079528,i,30.55924798839647
208378,49618.079956,i,30.559401639208676
208379,49618.080385,i,30.559555662782643
208380,49618.080813,i,30.55970934106226
208381,49618.081241,i,30.559863033063678
208382,49618.081658,i,30.56001278823826
208383,49618.082086,i,30.560166507338696
208384,49618.082514,i,30.560320240169112
208385,49618.082942,i,30.56047398673226
208386,49618.083371,i,30.560628106300133
208387,49618.083787,i,30.560777568760535
208388,49618.084216,i,30.560931715517828
208389,49618.084644,i,30.561085516718272
208390,49618.085061,i,30.5612353783038
208391,49618.085477,i,30.561384893516067
208392,49618.085894,i,30.56153478117838
208393,49618.086322,i,30.561688636288338
208394,49618.088104,z,30.56232936786057
208395,49618.088533,z,30.562483653693274
208396,49618.088961,z,30.562637593672804
208397,49618.089389,z,30.56279154742661
208398,49618.089817,z,30.56294551495745
208399,49618.090246,z,30.563099856053768
208400,49618.090674,z,30.563253851179173
208401,49618.091091,z,30.563403901745637
208402,49618.091519,z,30.56355792409009
208403,49618.091947,z,30.56371196022535
208404,49618.092375,z,30.563866010154186
208405,49618.092804,z,30.56402043385762
208406,49618.093232,z,30.564174511414166
208407,49618.09366,z,30.5643286027726
208408,49618.094077,z,30.564478747117406
208409,49618.094493,z,30.56462854446075
208410,49618.09491,z,30.564778714990215
208411,49618.095327,z,30.56492889863158
208412,49618.095755,z,30.565083057588392
208413,49618.096172,z,30.56523326780468
208414,49618.0966,z,30.56538745404554
208415,49618.097017,z,30.565537690852537
208416,49618.097445,z,30.56569190438827
208417,49618.097873,z,30.56584613175324
208418,49618.098301,z,30.56600037295022
208419,49618.098729,z,30.566154627982
208420,49618.100512,y,30.566797386073116
208421,49618.100929,y,30.56694774610968
208422,49618.101357,y,30.567102086150758
208423,49618.101785,y,30.567256440046524
208424,49618.102213,y,30.567410807799774
208425,49618.10263,y,30.56756122148927
208426,49618.103058,y,30.567715616609526
208427,49618.103475,y,30.56786605696798
208428,49618.103892,y,30.568016510488604
208429,49618.10432,y,30.568170946501517
208430,49618.104748,y,30.56832539638846
208431,49618.105176,y,30.568479860152223
208432,49618.105593,y,30.568630367403273
208433,49618.106021,y,30.568784858572243
208434,49618.106449,y,30.568939363626356
208435,49618.106878,y,30.569094243610362
208436,49618.107306,y,30.569248776475618
208437,49618.107734,y,30.569403323234422
208438,49618.108151,y,30.56955391136356
208439,49618.108567,y,30.569704151516373
209553,49622.004696,r,36.14131084759299
209554,49622.005113,r,36.15529090890963
209555,49622.00553,r,36.16945209827021
209556,49622.005958,r,36.184180208474615
209557,49622.006386,r,36.19910952399001
209558,49622.006814,r,36.21424563698287
209559,49622.007243,r,36.229630491276794
209560,49622.007671,r,36.24519845327384
209561,49622.008099,r,36.260991478020486
209562,49622.008516,r,36.27660138214096
209563,49622.008944,r,36.292858478580705
209564,49622.009372,r,36.30936122709287
209565,49622.0098,r,36.326117188237944
209566,49622.010229,r,36.3431743488248
209567,49622.010645,r,36.35997306250432
209568,49622.011074,r,36.37757177862549
209569,49622.01149,r,36.394912492671
209570,49622.011919,r,36.41308838485334
209571,49622.012347,r,36.431528629801505
209572,49622.012775,r,36.450285803830134
209573,49622.014557,g,36.53204523275744
209574,49622.014974,g,36.552095746035846
209575,49622.015402,g,36.57306575615091
209576,49622.015819,g,36.59389205915461
209577,49622.016247,g,36.61568951995454
209578,49622.016675,g,36.6379315745951
209579,49622.017104,g,36.66069038669035
209580,49622.01752,g,36.68322270616051
209581,49622.017937,g,36.706286454022475
209582,49622.018365,g,36.73047721719678
209583,49622.020148,i,36.837462976351404
209584,49622.020576,i,36.8647870090349
209585,49622.021004,i,36.892813953636946
209586,49622.021421,i,36.920832068445236
209587,49622.021849,i,36.95035885100407
209588,49622.022277,i,36.980708381908954
209589,49622.022706,i,37.012001910371694
209590,49622.023134,i,37.04414508855537
209591,49622.023562,i,37.07726597791967
209592,49622.02399,i,37.11142602341782
209593,49622.024407,i,37.14577181456739
209594,49622.024835,i,37.18218789461069
209595,49622.025263,i,37.21986448814811
209596,49622.025692,i,37.25898496463102
209597,49622.026108,i,37.29831200287669
209598,49622.026537,i,37.34041366997855
209599,49622.026953,i,37.38285662625038
209600,49622.027381,i,37.428323575352074
209601,49622.02781,i,37.475887062874534
209602,49622.028238,i,37.52550686351157
209603,49622.03002,z,37.760546443784406
209604,49622.030449,z,37.82561866856451
209605,49622.030865,z,37.892671077714056
209606,49622.031282,z,37.964309810366586
209607,49622.03171,z,38.04310272899391
209608,49622.032138,z,38.12805642895975
209609,49622.032567,z,38.220442115830224
209610,49622.032995,z,38.321170161325604
209611,49622.033423,z,38.432197322754995
209612,49622.033851,z,38.55587336283137
209613,49622.034268,z,38.69163565332326
209614,49622.034685,z,38.84681849957252
209615,49622.035113,z,39.03313433814867
209616,49622.03553,z,39.25175456071971
209617,49622.035958,z,39.53401279064106
209618,49622.036375,z,39.904697101966995
209619,49622.036803,z,40.49170271604506
209620,49622.037231,z,41.86247569240667
209621,49622.037659,z,nan
209622,49622.038087,z,nan
209623,49622.038516,z,nan
209624,49622.038944,z,nan
209625,49622.039372,z,nan
209626,49622.0398,z,nan
209627,49622.040229,z,nan
209628,49622.040645,z,nan
209629,49622.042428,y,nan
209630,49622.042856,y,nan
209631,49622.043284,y,nan
209632,49622.043712,y,nan
209633,49622.044141,y,nan
209634,49622.044569,y,nan
209635,49622.044997,y,nan
209636,49622.045425,y,nan
209637,49622.045842,y,nan
209638,49622.04627,y,nan
209639,49622.046699,y,nan
209640,49622.047127,y,nan
209641,49622.047555,y,nan
209642,49622.047983,y,nan
209643,49622.048412,y,nan
209644,49622.04884,y,nan
209645,49622.049268,y,nan
209646,49622.049696,y,nan
209647,49622.050125,y,nan
209648,49622.050553,y,nan
211596,49626.006402,r,nan
211597,49626.00683,r,nan
211598,49626.007259,r,nan
211599,49626.007687,r,nan
211600,49626.008115,r,nan
211601,49626.008532,r,nan
211602,49626.008948,r,nan
211603,49626.009377,r,nan
211604,49626.009793,r,nan
211605,49626.010221,r,nan
211606,49626.01065,r,nan
211607,49626.011078,r,nan
211608,49626.011495,r,nan
211609,49626.011923,r,nan
211610,49626.012351,r,nan
211611,49626.012779,r,nan
211612,49626.013196,r,nan
211613,49626.013624,r,nan
211614,49626.014052,r,nan
211615,49626.014481,r,nan
211616,49626.016263,g,nan
211617,49626.016691,g,nan
211618,49626.01712,g,nan
211619,49626.017536,g,nan
211620,49626.017965,g,nan
211621,49626.018393,g,nan
211622,49626.018809,g,nan
211623,49626.019238,g,nan
211624,49626.019666,g,nan
211625,49626.020094,g,nan
211626,49626.021877,i,nan
211627,49626.022305,i,nan
211628,49626.022733,i,nan
211629,49626.023161,i,nan
211630,49626.023578,i,nan
211631,49626.024006,i,nan
211632,49626.024434,i,nan
211633,49626.024851,i,nan
211634,49626.025268,i,nan
211635,49626.025696,i,nan
211636,49626.026113,i,nan
211637,49626.026541,i,nan
211638,49626.026969,i,nan
211639,49626.027397,i,nan
211640,49626.027814,i,nan
211641,49626.028231,i,nan
211642,49626.028659,i,nan
211643,49626.029087,i,nan
211644,49626.029515,i,nan
211645,49626.029944,i,nan
211646,49626.031726,z,nan
211647,49626.032154,z,nan
211648,49626.032583,z,nan
211649,49626.033011,z,nan
211650,49626.033439,z,nan
211651,49626.033867,z,nan
211652,49626.034296,z,nan
211653,49626.034724,z,nan
211654,49626.035152,z,nan
211655,49626.03558,z,nan
211656,49626.036009,z,nan
211657,49626.036437,z,nan
211658,49626.036853,z,nan
211659,49626.037282,z,nan
211660,49626.03771,z,nan
211661,49626.038138,z,nan
211662,49626.038566,z,nan
211663,49626.038995,z,nan
211664,49626.039411,z,nan
211665,49626.03984,z,nan
211666,49626.040268,z,nan
211667,49626.040684,z,nan
211668,49626.041101,z,nan
211669,49626.041529,z,nan
211670,49626.041946,z,nan
211671,49626.042374,z,nan
211672,49626.044157,y,nan
211673,49626.044585,y,nan
211674,49626.045013,y,nan
211675,49626.045441,y,nan
211676,49626.04587,y,nan
211677,49626.046298,y,nan
211678,49626.046726,y,nan
211679,49626.047154,y,nan
211680,49626.047571,y,nan
211681,49626.047988,y,nan
211682,49626.048416,y,nan
211683,49626.048844,y,nan
211684,49626.049272,y,nan
211685,49626.049701,y,nan
211686,49626.050129,y,nan
211687,49626.050557,y,nan
211688,49626.050985,y,nan
211689,49626.051414,y,nan
211690,49626.051842,y,nan
211691,49626.05227,y,nan
212532,49627.084111,u,nan
212533,49627.084539,u,nan
212534,49627.084956,u,nan
212535,49627.085384,u,nan
212536,49627.085812,u,nan
212537,49627.086229,u,nan
212538,49627.086657,u,nan
212539,49627.087085,u,nan
212540,49627.087502,u,nan
212541,49627.08793,u,nan
212542,49627.088358,u,nan
212543,49627.088775,u,nan
212544,49627.089192,u,nan
212545,49627.089608,u,nan
212546,49627.090037,u,nan
212547,49627.090465,u,nan
212548,49627.090893,u,nan
212549,49627.091321,u,nan
212550,49627.091738,u,nan
212551,49627.092155,u,nan
213214,49628.007142,u,nan
213215,49628.00757,u,nan
213216,49628.007998,u,nan
213217,49628.008427,u,nan
213218,49628.008855,u,nan
213219,49628.009283,u,nan
213220,49628.009711,u,nan
213221,49628.01014,u,nan
213222,49628.010556,u,nan
213223,49628.010984,u,nan
213224,49628.011413,u,nan
213225,49628.011841,u,nan
213226,49628.012269,u,nan
213227,49628.012697,u,nan
213228,49628.013126,u,nan
213229,49628.013554,u,nan
213230,49628.013982,u,nan
213231,49628.01441,u,nan
213232,49628.014827,u,nan
213233,49628.015255,u,nan
213465,49629.0075,u,nan
213466,49629.007928,u,nan
213467,49629.008357,u,nan
213468,49629.008785,u,nan
213469,49629.009213,u,nan
213470,49629.009641,u,nan
213471,49629.010058,u,nan
213472,49629.010486,u,nan
213473,49629.010914,u,nan
213474,49629.011343,u,nan
213475,49629.011771,u,nan
213476,49629.012199,u,nan
213477,49629.012627,u,nan
213478,49629.013056,u,nan
213479,49629.013472,u,nan
213480,49629.013901,u,nan
213481,49629.014329,u,nan
213482,49629.014745,u,nan
213483,49629.015174,u,nan
213484,49629.015602,u,nan
214318,49630.008234,u,nan
214319,49630.008663,u,nan
214320,49630.009091,u,nan
214321,49630.009519,u,nan
214322,49630.009936,u,nan
214323,49630.010364,u,nan
214324,49630.010792,u,nan
214325,49630.011221,u,nan
214326,49630.011649,u,nan
214327,49630.012077,u,nan
214328,49630.012505,u,nan
214329,49630.012933,u,nan
214330,49630.01335,u,nan
214331,49630.013767,u,nan
214332,49630.014195,u,nan
214333,49630.014612,u,nan
214334,49630.01504,u,nan
214335,49630.015468,u,nan
214336,49630.015896,u,nan
214337,49630.016325,u,nan
215127,49631.008915,u,nan
215128,49631.009343,u,nan
215129,49631.009771,u,nan
215130,49631.010199,u,nan
215131,49631.010616,u,nan
215132,49631.011033,u,nan
215133,49631.011461,u,nan
215134,49631.011889,u,nan
215135,49631.012317,u,nan
215136,49631.012746,u,nan
215137,49631.013162,u,nan
215138,49631.013591,u,nan
215139,49631.014019,u,nan
215140,49631.014435,u,nan
215141,49631.014852,u,nan
215142,49631.015269,u,nan
215143,49631.015697,u,nan
215144,49631.016125,u,nan
215145,49631.016554,u,nan
215146,49631.016982,u,nan
216024,49632.024422,u,nan
216025,49632.024851,u,nan
216026,49632.025279,u,nan
216027,49632.025696,u,nan
216028,49632.026124,u,nan
216029,49632.026552,u,nan
216030,49632.02698,u,nan
216031,49632.027409,u,nan
216032,49632.027837,u,nan
216033,49632.028265,u,nan
216034,49632.028693,u,nan
216035,49632.02911,u,nan
216036,49632.029538,u,nan
216037,49632.029966,u,nan
216038,49632.030395,u,nan
216039,49632.030823,u,nan
216040,49632.031251,u,nan
216041,49632.031679,u,nan
216042,49632.032108,u,nan
216043,49632.032536,u,nan
216891,49633.040646,u,nan
216892,49633.041075,u,nan
216893,49633.041503,u,nan
216894,49633.041931,u,nan
216895,49633.042359,u,nan
216896,49633.042787,u,nan
216897,49633.043216,u,nan
216898,49633.043644,u,nan
216899,49633.044072,u,nan
216900,49633.044489,u,nan
216901,49633.044917,u,nan
216902,49633.045334,u,nan
216903,49633.045762,u,nan
216904,49633.04619,u,nan
216905,49633.046618,u,nan
216906,49633.047047,u,nan
216907,49633.047463,u,nan
216908,49633.047892,u,nan
216909,49633.04832,u,nan
216910,49633.048748,u,nan
219327,49636.028615,r,nan
219328,49636.029044,r,nan
219329,49636.029472,r,nan
219330,49636.029889,r,nan
219331,49636.030317,r,nan
219332,49636.030745,r,nan
219333,49636.031173,r,nan
219334,49636.031602,r,nan
219335,49636.032018,r,nan
219336,49636.032446,r,nan
219337,49636.032875,r,nan
219338,49636.033303,r,nan
219339,49636.033731,r,nan
219340,49636.034159,r,nan
219341,49636.034576,r,nan
219342,49636.035004,r,nan
219343,49636.035421,r,nan
219344,49636.035849,r,nan
219345,49636.036277,r,nan
219346,49636.036706,r,nan
219347,49636.038488,g,nan
219348,49636.038916,g,nan
219349,49636.039345,g,nan
219350,49636.039773,g,nan
219351,49636.040201,g,nan
219352,49636.040618,g,nan
219353,49636.041046,g,nan
219354,49636.041474,g,nan
219355,49636.041902,g,nan
219356,49636.042331,g,nan
219357,49636.044113,i,nan
219358,49636.044541,i,nan
219359,49636.04497,i,nan
219360,49636.045398,i,nan
219361,49636.045826,i,nan
219362,49636.046254,i,nan
219363,49636.046671,i,nan
219364,49636.047099,i,nan
219365,49636.047527,i,nan
219366,49636.047944,i,nan
219367,49636.048372,i,nan
219368,49636.048789,i,nan
219369,49636.049206,i,nan
219370,49636.049634,i,nan
219371,49636.050062,i,nan
219372,49636.050479,i,nan
219373,49636.050896,i,nan
219374,49636.051324,i,nan
219375,49636.05174,i,nan
219376,49636.052157,i,nan
219377,49636.05394,z,nan
219378,49636.054356,z,nan
219379,49636.054773,z,nan
219380,49636.055201,z,nan
219381,49636.055618,z,nan
219382,49636.056034,z,nan
219383,49636.056451,z,nan
219384,49636.056879,z,nan
219385,49636.057308,z,nan
219386,49636.057736,z,nan
219387,49636.058164,z,nan
219388,49636.058592,z,nan
219389,49636.059009,z,nan
219390,49636.059437,z,nan
219391,49636.059865,z,nan
219392,49636.060294,z,nan
219393,49636.06071,z,nan
219394,49636.061139,z,nan
219395,49636.061567,z,nan
219396,49636.061995,z,nan
219397,49636.062412,z,nan
219398,49636.06284,z,nan
219399,49636.063257,z,nan
219400,49636.063685,z,nan
219401,49636.064113,z,nan
219402,49636.064541,z,nan
219403,49636.066324,y,nan
219404,49636.06674,y,nan
219405,49636.067169,y,nan
219406,49636.067585,y,nan
219407,49636.068002,y,nan
219408,49636.068419,y,nan
219409,49636.068835,y,nan
219410,49636.069252,y,nan
219411,49636.069669,y,nan
219412,49636.070085,y,nan
219413,49636.070514,y,nan
219414,49636.070942,y,nan
219415,49636.071359,y,nan
219416,49636.071775,y,nan
219417,49636.072192,y,nan
219418,49636.07262,y,nan
219419,49636.073048,y,nan
219420,49636.073477,y,nan
219421,49636.073905,y,nan
219422,49636.074321,y,nan
221759,49639.012564,r,nan
221760,49639.012992,r,nan
221761,49639.01342,r,nan
221762,49639.013848,r,nan
221763,49639.014265,r,nan
221764,49639.014693,r,nan
221765,49639.015121,r,nan
221766,49639.01555,r,nan
221767,49639.015978,r,nan
221768,49639.016406,r,nan
221769,49639.016823,r,nan
221770,49639.017251,r,nan
221771,49639.017679,r,nan
221772,49639.018107,r,nan
221773,49639.018524,r,nan
221774,49639.018941,r,nan
221775,49639.019369,r,nan
221776,49639.019797,r,nan
221777,49639.020214,r,nan
221778,49639.020642,r,nan
221779,49639.022425,g,nan
221780,49639.022853,g,nan
221781,49639.023281,g,nan
221782,49639.023698,g,nan
221783,49639.024126,g,nan
221784,49639.024543,g,nan
221785,49639.024971,g,nan
221786,49639.025399,g,nan
221787,49639.025827,g,nan
221788,49639.026244,g,nan
221789,49639.028026,i,nan
221790,49639.028455,i,nan
221791,49639.028883,i,nan
221792,49639.029311,i,nan
221793,49639.029728,i,nan
221794,49639.030156,i,nan
221795,49639.030584,i,nan
221796,49639.031001,i,nan
221797,49639.031429,i,nan
221798,49639.031846,i,nan
221799,49639.032274,i,nan
221800,49639.032702,i,nan
221801,49639.033131,i,nan
221802,49639.033547,i,nan
221803,49639.033964,i,nan
221804,49639.034392,i,nan
221805,49639.03482,i,nan
221806,49639.035249,i,nan
221807,49639.035677,i,nan
221808,49639.036105,i,nan
221809,49639.037888,z,nan
221810,49639.038316,z,nan
221811,49639.038744,z,nan
221812,49639.039161,z,nan
221813,49639.039577,z,nan
221814,49639.040006,z,nan
221815,49639.040422,z,nan
221816,49639.040839,z,nan
221817,49639.041267,z,nan
221818,49639.041695,z,nan
221819,49639.042124,z,nan
221820,49639.04254,z,nan
221821,49639.042957,z,nan
221822,49639.043385,z,nan
221823,49639.043814,z,nan
221824,49639.04423,z,nan
221825,49639.044647,z,nan
221826,49639.045064,z,nan
221827,49639.045492,z,nan
221828,49639.045908,z,nan
221829,49639.046325,z,nan
221830,49639.046742,z,nan
221831,49639.047158,z,nan
221832,49639.047587,z,nan
221833,49639.048015,z,nan
221834,49639.048432,z,nan
221835,49639.050214,y,nan
221836,49639.050642,y,nan
221837,49639.051059,y,nan
221838,49639.051487,y,nan
221839,49639.051904,y,nan
221840,49639.05232,y,nan
221841,49639.052749,y,nan
221842,49639.053177,y,nan
221843,49639.053594,y,nan
221844,49639.05401,y,nan
221845,49639.054427,y,nan
221846,49639.054844,y,nan
221847,49639.05526,y,nan
221848,49639.055677,y,nan
221849,49639.056094,y,nan
221850,49639.05651,y,nan
221851,49639.056939,y,nan
221852,49639.057367,y,nan
221853,49639.057783,y,nan
221854,49639.0582,y,nan
229220,49648.021811,r,33.465480336319374
229221,49648.022228,r,33.4649284112539
229222,49648.022656,r,33.46436225231877
229223,49648.023073,r,33.46381096080024
229224,49648.023501,r,33.46324545140128
229225,49648.023918,r,33.46269479205023
229226,49648.024334,r,33.462145763562454
229227,49648.024763,r,33.461579902244466
229228,49648.025191,r,33.46101568774024
229229,49648.025619,r,33.460451800284744
229230,49648.026036,r,33.45990271946714
229231,49648.026464,r,33.459339476655444
229232,49648.026892,r,33.45877655983181
229233,49648.02732,r,33.45821396864078
229234,49648.027749,r,33.45765038940224
229235,49648.028165,r,33.45710420007643
229236,49648.028594,r,33.45654126349099
229237,49648.02901,r,33.455995696684
229238,49648.029438,r,33.45543471170599
229239,49648.029867,r,33.454872740679626
229240,49648.031649,g,33.45254187104671
229241,49648.032066,g,33.451997238017825
229242,49648.032482,g,33.4514542150416
229243,49648.032911,g,33.45089454025589
229244,49648.033339,g,33.45033649114381
229245,49648.033756,g,33.44979309252735
229246,49648.034172,g,33.449251299697586
229247,49648.034601,g,33.44869289214651
229248,49648.035017,g,33.44815171242332
229249,49648.035434,g,33.447609534240854
229250,49648.037216,i,33.44529600453918
229251,49648.037644,i,33.4447411619166
229252,49648.038073,i,33.4441853409252
229253,49648.038489,i,33.44364666673302
229254,49648.038906,i,33.44310699745465
229255,49648.039323,i,33.44256762804542
229256,49648.039739,i,33.442029850548806
229257,49648.040156,i,33.441491079192225
229258,49648.040584,i,33.44093840649654
229259,49648.041013,i,33.440384758174424
229260,49648.041429,i,33.43984818857303
229261,49648.041857,i,33.43929645049116
229262,49648.042274,i,33.43875919416909
229263,49648.042691,i,33.43822223518833
229264,49648.043119,i,33.437671420711936
229265,49648.043536,i,33.43713506331789
229266,49648.043952,i,33.43660028748442
229267,49648.044381,i,33.436049108543656
229268,49648.044797,i,33.43551493095907
229269,49648.045214,i,33.434979764423666
229270,49648.046996,z,33.432696115817436
229271,49648.047425,z,33.432147150934746
229272,49648.047853,z,33.43159977529457
229273,49648.048269,z,33.431068042677346
229274,49648.048686,z,33.43053532444144
229275,49648.049103,z,33.43000289884876
229276,49648.049531,z,33.42945673244906
229277,49648.049948,z,33.428924898908
229278,49648.050364,z,33.42839463141991
229279,49648.050793,z,33.42784809683435
229280,49648.051221,z,33.42730314325363
229281,49648.051649,z,33.42675849602115
229282,49648.052077,z,33.426214154813195
229283,49648.052494,z,33.42568409769824
229284,49648.052922,z,33.42514035972571
229285,49648.053351,z,33.42459565747136
229286,49648.053779,z,33.424052530018166
229287,49648.054195,z,33.4235249221835
229288,49648.054612,z,33.42299633438321
229289,49648.05504,z,33.42245410291521
229290,49648.055457,z,33.421926099179345
229291,49648.055885,z,33.42138446656021
229292,49648.056302,z,33.420857045685814
229293,49648.056719,z,33.42032991198912
229294,49648.057135,z,33.41980432826456
229295,49648.057563,z,33.41926388115996
229296,49648.059346,y,33.417015680873156
229297,49648.059763,y,33.41649063470884
229298,49648.060179,y,33.41596713137789
229299,49648.060607,y,33.415428822467995
229300,49648.061036,y,33.41488955624166
229301,49648.061464,y,33.41435184644812
229302,49648.061892,y,33.4138144353943
229303,49648.062309,y,33.413291123326715
229304,49648.062737,y,33.41275430115972
229305,49648.063165,y,33.412217776806784
229306,49648.063594,y,33.411680297438856
229307,49648.06401,y,33.4111593904727
229308,49648.064427,y,33.41063751282483
229309,49648.064855,y,33.410102161393326
229310,49648.065283,y,33.409567106236196
229311,49648.0657,y,33.40904608717579
229312,49648.066117,y,33.4085253487794
229313,49648.066545,y,33.40799116546184
229314,49648.066973,y,33.40745727721491
229315,49648.067401,y,33.40692368373264
